id_ein,first_name,last_name,email,gender,phone
33-1874165,Will,O' Donohoe,wodonohoe0@bloomberg.com,Male,293-641-9786
66-6591495,Melisse,Esmonde,mesmonde1@ox.ac.uk,Female,769-749-7651
84-6587416,Glenda,Penzer,gpenzer2@amazon.co.uk,Female,764-409-8618
69-7994359,Doroteya,Pyne,dpyne3@disqus.com,Female,592-218-8791
34-4567993,Reinaldo,Hastings,rhastings4@merriam-webster.com,Male,740-486-8933
06-0948445,Nannie,Ubank,nubank5@dedecms.com,Female,663-961-5869
39-8917816,Clarice,Drinkhall,cdrinkhall6@statcounter.com,Female,743-784-8606
78-9560280,Anatol,Bukowski,abukowski7@facebook.com,Male,946-840-2210
86-5106839,Erastus,McCloch,emccloch8@deliciousdays.com,Male,814-423-3232
26-3817692,Warde,Bainbrigge,wbainbrigge9@infoseek.co.jp,Male,131-333-0179
41-2611113,Ruby,Kmicicki,rkmicickia@yale.edu,Male,280-752-9875
82-2517994,Danni,Simmons,dsimmonsb@indiegogo.com,Female,706-533-9235
80-0047494,Jareb,MacCulloch,jmaccullochc@google.cn,Male,820-486-6856
02-7744624,Nico,Kinforth,nkinforthd@marketwatch.com,Male,215-959-8704
48-6759000,Linoel,Fairbrother,lfairbrothere@oracle.com,Male,156-518-8573
05-5734910,Fernanda,Blomefield,fblomefieldf@yale.edu,Female,233-424-2073
14-5601820,Tamarah,Smitham,tsmithamg@deliciousdays.com,Female,519-455-4578
91-6154765,Janie,Fellgate,jfellgateh@jimdo.com,Female,998-596-9743
51-1513218,Chilton,Novotne,cnovotnei@bbb.org,Male,269-239-0046
70-6186901,Chip,Woakes,cwoakesj@wikimedia.org,Male,904-642-0497
34-5119728,Fedora,Duer,fduerk@abc.net.au,Polygender,567-290-7385
38-8420478,Darnall,Crooke,dcrookel@ustream.tv,Male,808-274-5419
14-2553221,Casar,Luparto,clupartom@cdbaby.com,Genderfluid,159-874-5229
04-9122442,Gerianna,Normanvill,gnormanvilln@fda.gov,Polygender,531-725-7487
33-8952250,Maddy,Blowfield,mblowfieldo@squarespace.com,Male,549-798-8483
59-0279338,Ursuline,Attersoll,uattersollp@noaa.gov,Female,103-649-3174
72-3100407,Tootsie,Nevinson,tnevinsonq@discuz.net,Female,930-107-2422
87-1540176,Bartie,Coleiro,bcoleiror@sbwire.com,Male,488-748-7190
10-2816753,Monte,Gallatly,mgallatlys@nifty.com,Male,241-370-9327
91-1189323,Nicoline,Rawling,nrawlingt@themeforest.net,Female,775-840-3376
83-6575752,Garvey,Deyes,gdeyesu@instagram.com,Polygender,844-258-9327
15-7989186,Ingram,Grigson,igrigsonv@stanford.edu,Male,341-973-8937
40-8596441,Abraham,Southby,asouthbyw@taobao.com,Male,606-170-1381
53-6041089,Fleming,Yeudall,fyeudallx@walmart.com,Male,229-671-4732
24-4629500,Gabbie,McConaghy,gmcconaghyy@booking.com,Male,217-442-8909
31-3094095,Ax,Croose,acroosez@hatena.ne.jp,Male,812-422-5103
68-1966247,Faun,Cowthart,fcowthart10@hatena.ne.jp,Female,239-663-4418
18-5760950,Perry,Walak,pwalak11@creativecommons.org,Male,303-872-0080
17-5461185,Donica,Diment,ddiment12@mac.com,Female,493-596-8940
57-0936309,Maje,Cussen,mcussen13@meetup.com,Male,588-956-0537
81-6608987,Nessi,Ackerman,nackerman14@amazon.co.jp,Female,186-673-4590
80-7809137,Toby,Doran,tdoran15@nba.com,Non-binary,995-674-4883
84-1908978,Polly,Mynard,pmynard16@mail.ru,Female,388-760-8936
99-7616479,Laurena,Godney,lgodney17@amazon.co.uk,Female,957-354-5534
93-5721678,Sydelle,Benitti,sbenitti18@wikimedia.org,Female,653-534-3863
65-4283102,Chet,Cruikshanks,ccruikshanks19@barnesandnoble.com,Male,992-358-8352
62-3984830,Bev,Probbings,bprobbings1a@utexas.edu,Male,145-119-8356
42-1709806,Bradney,Hess,bhess1b@skyrock.com,Male,368-657-7003
69-8736200,Claudie,Bonifazio,cbonifazio1c@trellian.com,Female,916-844-4197
64-6103251,Yves,Breitler,ybreitler1d@cloudflare.com,Male,725-786-3641
